<?xml version="1.0" encoding="UTF-8"?>
<project-private xmlns="http://www.netbeans.org/ns/project-private/1">
    <editor-bookmarks xmlns="http://www.netbeans.org/ns/editor-bookmarks/2" lastBookmarkId="0"/>
    <open-files xmlns="http://www.netbeans.org/ns/projectui-open-files/2">
        <group>
            <file>file:/home/micheal/Luong_5_journals/Arrays_notes/src/arrays_notes/Resources.java</file>
            <file>file:/home/micheal/Luong_5_journals/Arrays_notes/src/arrays_notes/Enemy.java</file>
            <file>file:/home/micheal/Luong_5_journals/Arrays_notes/src/arrays_notes/Luong_7_projects.java</file>
        </group>
    </open-files>
</project-private>
